,age,education,default,balance,housing,duration,campaign,pdays,previous
age,1.0000273,-0.16619615,-0.019895028,0.09426336,-0.1835581,-0.008961835,0.00342715,-0.024261197,0.00043295624
education,-0.16619615,1.0000273,-0.014218779,0.053918153,-0.073767,-0.0022374785,0.0008785487,0.0023257842,0.024535008
default,-0.019895028,-0.014218779,1.0000273,-0.17517836,-0.00820542,-0.009675249,0.021188736,-0.029776888,-0.017932016
balance,0.09426336,0.053918153,-0.17517836,1.0000273,-0.08724134,0.03682724,-0.037013028,0.034654804,0.041758876
housing,-0.1835581,-0.073767,-0.00820542,-0.08724134,1.0000273,-0.0048436057,-0.0221896,0.12420549,0.03628117
duration,-0.008961835,-0.0022374785,-0.009675249,0.03682724,-0.0048436057,1.0000273,-0.1914082,0.011352317,0.0070452085
campaign,0.00342715,0.0008785487,0.021188736,-0.037013028,-0.0221896,-0.1914082,1.0000273,-0.090923205,-0.032435633
pdays,-0.024261197,0.0023257842,-0.029776888,0.034654804,0.12420549,0.011352317,-0.090923205,1.0000273,0.44018462
previous,0.00043295624,0.024535008,-0.017932016,0.041758876,0.03628117,0.0070452085,-0.032435633,0.44018462,1.0000273
